{
  "sp500": {
    "total_return": 2.67909,
    "cagr": 0.113205,
    "annualised_volatility": 0.173882,
    "sharpe_ratio": 0.421004,
    "sortino_ratio": 0.513294,
    "max_drawdown": -0.33925,
    "calmar_ratio": 0.333693,
    "n_years": 12.146825,
    "beta": 1.0,
    "alpha": 0.0,
    "information_ratio": 0.0,
    "best_day": 0.095154,
    "worst_day": -0.119841,
    "win_rate": 0.54296,
    "avg_daily_return": 0.000486
  },
  "sp20_mirror": {
    "total_return": 4.626044,
    "cagr": 0.152873,
    "annualised_volatility": 0.202071,
    "sharpe_ratio": 0.558581,
    "sortino_ratio": 0.714547,
    "max_drawdown": -0.331247,
    "calmar_ratio": 0.461507,
    "n_years": 12.142857,
    "excess_return": 0.039629,
    "tracking_error": 0.094091,
    "information_ratio": 0.427899,
    "beta": 1.028675,
    "alpha": 0.040262,
    "best_day": 0.099913,
    "worst_day": -0.113573,
    "win_rate": 0.545752,
    "avg_daily_return": 0.000646
  },
  "sp20_equal": {
    "total_return": 7.447372,
    "cagr": 0.192115,
    "annualised_volatility": 0.182922,
    "sharpe_ratio": 0.831583,
    "sortino_ratio": 1.05537,
    "max_drawdown": -0.301542,
    "calmar_ratio": 0.63711,
    "n_years": 12.142857,
    "excess_return": 0.078871,
    "tracking_error": 0.058719,
    "information_ratio": 1.192912,
    "beta": 0.996163,
    "alpha": 0.070046,
    "best_day": 0.105781,
    "worst_day": -0.1191,
    "win_rate": 0.562745,
    "avg_daily_return": 0.000764
  }
}