{
  "sp500": {
    "total_return": 2.67909,
    "cagr": 0.113205,
    "annualised_volatility": 0.173882,
    "sharpe_ratio": 0.421004,
    "sortino_ratio": 0.513294,
    "max_drawdown": -0.33925,
    "calmar_ratio": 0.333693,
    "n_years": 12.146825,
    "beta": 1.0,
    "alpha": 0.0,
    "information_ratio": 0.0,
    "best_day": 0.095154,
    "worst_day": -0.119841,
    "win_rate": 0.54296,
    "avg_daily_return": 0.000486
  },
  "sp20_mirror": {
    "total_return": 4.626044,
    "cagr": 0.152873,
    "annualised_volatility": 0.202071,
    "sharpe_ratio": 0.558581,
    "sortino_ratio": 0.714547,
    "max_drawdown": -0.331247,
    "calmar_ratio": 0.461507,
    "n_years": 12.142857,
    "excess_return": 0.039629,
    "tracking_error": 0.094091,
    "information_ratio": 0.427899,
    "beta": 1.028675,
    "alpha": 0.040262,
    "best_day": 0.099913,
    "worst_day": -0.113573,
    "win_rate": 0.545752,
    "avg_daily_return": 0.000646
  },
  "sp20_equal": {
    "total_return": 7.447372,
    "cagr": 0.192115,
    "annualised_volatility": 0.182922,
    "sharpe_ratio": 0.831583,
    "sortino_ratio": 1.05537,
    "max_drawdown": -0.301542,
    "calmar_ratio": 0.63711,
    "n_years": 12.142857,
    "excess_return": 0.078871,
    "tracking_error": 0.058719,
    "information_ratio": 1.192912,
    "beta": 0.996163,
    "alpha": 0.070046,
    "best_day": 0.105781,
    "worst_day": -0.1191,
    "win_rate": 0.562745,
    "avg_daily_return": 0.000764
  },
  "spn_alpha": {
    "total_return": 5.726621,
    "cagr": 0.233597,
    "annualised_volatility": 0.174306,
    "sharpe_ratio": 1.110675,
    "sortino_ratio": 1.368173,
    "max_drawdown": -0.276736,
    "calmar_ratio": 0.844116,
    "n_years": 9.079365,
    "excess_return": 0.079319,
    "tracking_error": 0.068424,
    "information_ratio": 1.231181,
    "beta": 0.873524,
    "alpha": 0.084242,
    "best_day": 0.094418,
    "worst_day": -0.102569,
    "win_rate": 0.569493,
    "avg_daily_return": 0.000894
  },
  "spn_alpha_mvo_sharpe": {
    "total_return": 9.259302,
    "cagr": 0.292303,
    "annualised_volatility": 0.215583,
    "sharpe_ratio": 1.17033,
    "sortino_ratio": 1.496076,
    "max_drawdown": -0.295834,
    "calmar_ratio": 0.988064,
    "n_years": 9.079365,
    "excess_return": 0.138025,
    "tracking_error": 0.10108,
    "information_ratio": 1.373395,
    "beta": 1.02697,
    "alpha": 0.138823,
    "best_day": 0.105463,
    "worst_day": -0.105986,
    "win_rate": 0.578671,
    "avg_daily_return": 0.00111
  },
  "spn_hedged": {
    "total_return": 6.712344,
    "cagr": 0.252318,
    "annualised_volatility": 0.166079,
    "sharpe_ratio": 1.278412,
    "sortino_ratio": 1.695451,
    "max_drawdown": -0.296738,
    "calmar_ratio": 0.850307,
    "n_years": 9.079365,
    "excess_return": 0.098039,
    "tracking_error": 0.111621,
    "information_ratio": 0.877173,
    "beta": 0.719795,
    "alpha": 0.097911,
    "best_day": 0.056837,
    "worst_day": -0.055093,
    "win_rate": 0.579108,
    "avg_daily_return": 0.000948
  }
}