{
  "sp500": {
    "total_return": 2.67909,
    "cagr": 0.113205,
    "annualised_volatility": 0.173882,
    "sharpe_ratio": 0.421004,
    "sortino_ratio": 0.513294,
    "max_drawdown": -0.33925,
    "calmar_ratio": 0.333693,
    "n_years": 12.146825,
    "beta": 1.0,
    "alpha": 0.0,
    "information_ratio": 0.0,
    "best_day": 0.095154,
    "worst_day": -0.119841,
    "win_rate": 0.54296,
    "avg_daily_return": 0.000486
  },
  "sp20_mirror": {
    "total_return": 7.397891,
    "cagr": 0.191539,
    "annualised_volatility": 0.175571,
    "sharpe_ratio": 0.863117,
    "sortino_ratio": 1.074488,
    "max_drawdown": -0.297387,
    "calmar_ratio": 0.644072,
    "n_years": 12.142857,
    "excess_return": 0.078264,
    "tracking_error": 0.053824,
    "information_ratio": 1.268096,
    "beta": 0.961703,
    "alpha": 0.068254,
    "best_day": 0.09906,
    "worst_day": -0.118647,
    "win_rate": 0.560784,
    "avg_daily_return": 0.000757
  },
  "sp20_equal": {
    "total_return": 14.579799,
    "cagr": 0.25375,
    "annualised_volatility": 0.183696,
    "sharpe_ratio": 1.163609,
    "sortino_ratio": 1.446956,
    "max_drawdown": -0.302543,
    "calmar_ratio": 0.838723,
    "n_years": 12.142857,
    "excess_return": 0.140475,
    "tracking_error": 0.05029,
    "information_ratio": 2.399087,
    "beta": 1.016038,
    "alpha": 0.120651,
    "best_day": 0.094762,
    "worst_day": -0.121626,
    "win_rate": 0.570915,
    "avg_daily_return": 0.000965
  },
  "spn_alpha": {
    "total_return": 9.259302,
    "cagr": 0.292303,
    "annualised_volatility": 0.215583,
    "sharpe_ratio": 1.17033,
    "sortino_ratio": 1.496076,
    "max_drawdown": -0.295834,
    "calmar_ratio": 0.988064,
    "n_years": 9.079365,
    "excess_return": 0.160622,
    "tracking_error": 0.10108,
    "information_ratio": 1.373395,
    "beta": 1.02697,
    "alpha": 0.138823,
    "best_day": 0.105463,
    "worst_day": -0.105986,
    "win_rate": 0.578671,
    "avg_daily_return": 0.00111
  }
}